<?xml version="1.0" encoding="UTF-8" standalone="yes"?>
<addon id="script.module.chrome-pilot" name="Chrome Pilot" version="0.1.1" provider-name="chrisxf">
  <requires>
    <import addon="xbmc.python" version="2.1.0"/>
  </requires>
  <extension point="xbmc.python.module" library="lib" />
  <extension point="xbmc.addon.metadata">
    <summary>Chrome Pilot provides files for other addons</summary>
    <description>Chrome Pilot</description>
    <disclaimer></disclaimer>
    <platform>all</platform>
    <news></news>
    <assets>
      <icon>resources/icon.png</icon>
      <fanart>resources/fanart.png</fanart>
    </assets>
  </extension>
</addon>
