<?xml version="1.0" encoding="UTF-8" standalone="yes"?>
<addon id="script.video.netflix-tv"
       name="Netflix TV"
       version="0.1.2"
       provider-name="chrisxf">
  <requires>
    <import addon="xbmc.python" version="2.1.0"/>
    <import addon="script.module.chrome-pilot" version="0.1.0"/>
  </requires>
  <extension point="xbmc.python.script" library="default.py">
    <provides>executable</provides>
  </extension>
  <extension point="xbmc.addon.metadata">
    <summary>Netflix TV</summary>
    <description>Netflix TV</description>
    <platform>all</platform>
    <assets>
      <icon>resources/icon.png</icon>
      <fanart>resources/fanart.png</fanart>
    </assets>
  </extension>
</addon>
